"","Company","FullName200506","Date200506","Classification200506","Branch200506","Restriction200506","FullName200606","Date200606","Classification200606","Branch200606","Restriction200606","FullName200706","Date200706","Classification200706","Branch200706","Restriction200706","FullName200806","Date200806","Classification200806","Branch200806","Restriction200806","FullName200906","Date200906","Classification200906","Branch200906","Restriction200906","FullName201006","Date201006","Classification201006","Branch201006","Restriction201006"
"1","AAIL","Allianz Australia Insurance Limited","31 Dec","Direct","","","Allianz Australia Insurance Limited","31 Dec","Direct","","","Allianz Australia Insurance Limited","31 Dec","Direct","","","Allianz Australia Insurance Limited","31 Dec","Direct","","","Allianz Australia Insurance Limited","31 Dec","Direct","","","Allianz Australia Insurance Limited","31 Dec","Direct","",""
"2","AAMI","Australian Associated Motor Insurers Limited","31 Dec","Direct","","","Australian Associated Motor Insurers Limited","31 Dec","Direct","","","Australian Associated Motor Insurers Limited","30 Jun","Direct","","","Australian Associated Motor Insurers Limited","30 Jun","Direct","","","Australian Associated Motor Insurers Limited","30 Jun","Direct","","","Australian Associated Motor Insurers Limited","30 Jun","Direct","",""
"3","ACE","ACE Insurance Limited","31 Dec","Direct","","","ACE Insurance Limited","31 Dec","Direct","","","ACE Insurance Limited","31 Dec","Direct","","","ACE Insurance Limited","31 Dec","Direct","","","ACE Insurance Limited","31 Dec","Direct","","","ACE Insurance Limited","31 Dec","Direct","",""
"4","AFG","A.F.G. Insurances Limited","30 Sep","Reinsurer","","Run-off","A.F.G. Insurances Limited","30 Sep","Reinsurer","","Run-off","A.F.G. Insurances Limited","30 Sep","Reinsurer","","Run-off","A.F.G. Insurances Limited","30 Sep","Reinsurer","","Run-off","A.F.G. Insurances Limited","30 Sep","Reinsurer","","Run-off","A.F.G. Insurances Limited","30 Sep","Reinsurer","","Run-off"
"5","AIOI","AIOI Insurance Co, Ltd","31 Mar","Direct","Branch","","AIOI Insurance Co, Ltd","31 Mar","Direct","Branch","","AIOI Insurance Co, Ltd","31 Mar","Direct","Branch","","AIOI Insurance Co., Ltd","31 Mar","Direct","Branch","","AIOI Insurance Co., Ltd","31 Mar","Direct","Branch","","Aioi Nissay Dowa Insurance Company Limited","31 Mar","Direct","Branch",""
"6","ALEA","Alea London Limited","31 Dec","Reinsurer","Branch","","Alea London Limited","31 Dec","Reinsurer","Branch","","Alea London Limited","31 Dec","Reinsurer","Branch","","Alea London Limited","31 Dec","Reinsurer","Branch","",NA,NA,NA,NA,NA,NA,NA,NA,NA,NA
"7","AM HOME","American Home Assurance Company","31 Dec","Direct","Branch","","American Home Assurance Company","31 Dec","Direct","Branch","","American Home Assurance Company","31 Dec","Direct","Branch","","American Home Assurance Company","31 Dec","Direct","Branch","","American Home Assurance Company","31 Dec","Direct","Branch","","American Home Assurance Company","31 Dec","Direct","Branch",""
"8","AM INT","American International Assurance Co (Aus)","30 Nov","Direct","","Run-off","American International Assurance Co (Aus)","30 Nov","Direct","","Run-off","American International Assurance Co (Aus)","30 Nov","Direct","","Run-off",NA,NA,NA,NA,NA,NA,NA,NA,NA,NA,NA,NA,NA,NA,NA
"9","AME RE","American Re-insurance Company","31 Dec","Direct","Branch","Run-off","Munich Reinsurance America, Inc.","31 Dec","Direct","Branch","Run-off","Munich Reinsurance America, Inc.","31 Dec","Direct","Branch","Run-off","Munich Reinsurance America, Inc.","31 Dec","Direct","Branch","Run-off","Munich Reinsurance America, Inc.","31 Dec","Direct","Branch","Run-off","Munich Reinsurance America, Inc.","31 Dec","Direct","Branch","Run-off"
"10","AMPG","AMPG (1992) Limited","31 Dec","Direct","","Run-off","AMPG (1992) Limited","31 Dec","Direct","","Run-off","AMPG (1992) Limited","31 Dec","Direct","","Run-off",NA,NA,NA,NA,NA,NA,NA,NA,NA,NA,NA,NA,NA,NA,NA
"11","ANSVAR",NA,NA,NA,NA,NA,NA,NA,NA,NA,NA,NA,NA,NA,NA,NA,NA,NA,NA,NA,NA,"Ansvar Insurance Limited","31 Dec","Direct","","","Ansvar Insurance Limited","31 Dec","Direct","",""
"12","ANZ LMI","ANZ Lenders Mortgage Insurance Pty Limited","30 Sep","Direct","","LMI","ANZ Lenders Mortgage Insurance Pty Limited","30 Sep","Direct","","LMI","ANZ Lenders Mortgage Insurance Pty Limited","30 Sep","Direct","","LMI","ANZ Lenders Mortgage Insurance Pty. Limited","30 Sep","Direct","","LMI","ANZ Lenders Mortgage Insurance Pty. Limited","30 Sep","Direct","","LMI","ANZ Lenders Mortgage Insurance Pty. Limited","30 Sep","Direct","","LMI"
"13","ANZCOVER","ANZCover Insurance Pty Ltd","30 Sep","Direct","","","ANZCover Insurance Pty Ltd","30 Sep","Direct","","","ANZCover Insurance Pty Ltd","30 Sep","Direct","","Captive","ANZCover Insurance Pty Ltd","30 Sep","Direct","","Captive","ANZCover Insurance Pty Ltd","30 Sep","Direct","","Captive","ANZCover Insurance Pty Ltd","30 Sep","Direct","","Captive"
"14","ASPEN",NA,NA,NA,NA,NA,NA,NA,NA,NA,NA,NA,NA,NA,NA,NA,NA,NA,NA,NA,NA,"Aspen Insurance UK Limited","31 Dec","Direct","Branch","","Aspen Insurance UK Limited","31 Dec","Direct","Branch",""
"15","ASSET","AssetInsure Pty Limited","31 Dec","Direct","","","AssetInsure Pty Limited","31 Dec","Direct","","","AssetInsure Pty Limited","31 Dec","Direct","","","AssetInsure Pty Limited","31 Dec","Direct","","","AssetInsure Pty Limited","31 Dec","Direct","","","AssetInsure Pty Limited","31 Dec","Direct","",""
"16","ATRADIUS","Atradius Credit Insurance N.V.","31 Dec","Direct","Branch","","Atradius Credit Insurance N.V.","31 Dec","Direct","Branch","","Atradius Credit Insurance N.V.","31 Dec","Direct","Branch","","Atradius Credit Insurance N.V.","31 Dec","Direct","Branch","","Atradius Credit Insurance N.V.","31 Dec","Direct","Branch","","Atradius Credit Insurance N.V.","31 Dec","Direct","Branch",""
"17","AUS ALLNCE","Australian Alliance Insurance Company Limited","31 Dec","Direct","","","Australian Alliance Insurance Company Limited","31 Dec","Direct","","","Australian Alliance Insurance Company Limited","30 Jun","Direct","","","Australian Alliance Insurance Company Limited","30 Jun","Direct","","","Australian Alliance Insurance Company Limited","30 Jun","Direct","","","Australian Alliance Insurance Company Limited","30 Jun","Direct","",""
"18","AUS FAMILY","Australian Family Assurance Limited","31 Dec","Direct","","Run-off","Australian Family Assurance Limited","31 Dec","Direct","","Run-off","Australian Family Assurance Limited","31 Dec","Direct","","Run-off","Australian Family Assurance Limited","31 Dec","Direct","","Run-off","Australian Family Assurance Limited (Judicial Manager Appointed)","31 Dec","Direct","","Run-off","Australian Family Assurance Limited (in liquidation)","31 Dec","Direct","","Run-off"
"19","AUS INT","Australian International Insurance Limited","30 Jun","Direct","","","Australian International Insurance Limited","30 Jun","Direct","","","Australian International Insurance Limited","30 Jun","Direct","","",NA,NA,NA,NA,NA,NA,NA,NA,NA,NA,NA,NA,NA,NA,NA
"20","AUS MED","Australasian Medical Insurance Limited","30 Jun","Direct","","","Australasian Medical Insurance Limited","30 Jun","Direct","","","Avant Insurance Limited","30 Jun","Direct","","",NA,NA,NA,NA,NA,NA,NA,NA,NA,NA,NA,NA,NA,NA,NA
"21","AUS UNITY","Australian Unity General Insurance Limited","30 Jun","Direct","","","Australian Unity General Insurance Limited","30 Jun","Direct","","","Calliden Insurance Limited","30 Jun","Direct","","",NA,NA,NA,NA,NA,NA,NA,NA,NA,NA,NA,NA,NA,NA,NA
"22","AUTO GEN",NA,NA,NA,NA,NA,"Auto & General Insurance Company Limited","30 Jun","Direct","","","Auto & General Insurance Company Limited","30 Jun","Direct","","","Auto & General Insurance Company Limited","30 Jun","Direct","","","Auto & General Insurance Company Limited","30 Jun","Direct","","","Auto & General Insurance Company Limited","30 Jun","Direct","",""
"23","AVANT",NA,NA,NA,NA,NA,NA,NA,NA,NA,NA,NA,NA,NA,NA,NA,"Avant Insurance Limited","30 Jun","Direct","","","Avant Insurance Limited","30 Jun","Direct","","","Avant Insurance Limited","30 Jun","Direct","",""
"24","AVEA",NA,NA,NA,NA,NA,NA,NA,NA,NA,NA,NA,NA,NA,NA,NA,NA,NA,NA,NA,NA,NA,NA,NA,NA,NA,"Avea Insurance Limited","30 Jun","Direct","",""
"25","AXA","AXA Insurance Australia Limited","31 Dec","Direct","","Run-off","AXA Insurance Australia Limited","31 Dec","Direct","","Run-off","AXA Insurance Australia Limited","31 Dec","Direct","","Run-off","AXA Insurance Australia Limited","31 Dec","Direct","","Run-off","AXA Insurance Australia Limited","31 Dec","Direct","","Run-off","AXA Insurance Australia Limited","31 Dec","Direct","","Run-off"
"26","AXA CSA",NA,NA,NA,NA,NA,NA,NA,NA,NA,NA,NA,NA,NA,NA,NA,NA,NA,NA,NA,NA,NA,NA,NA,NA,NA,"AXA Corporate Solutions Assurance","31 Dec","Direct","Branch",""
"27","AXIS",NA,NA,NA,NA,NA,NA,NA,NA,NA,NA,NA,NA,NA,NA,NA,"AXIS Specialty Europe Limited","31 Dec","Direct","Branch","","AXIS Specialty Europe Limited","31 Dec","Direct","Branch","","AXIS Specialty Europe Limited","31 Dec","Direct","Branch",""
"28","BARRISTERS","Barristers' Sickness and Accident Fund Pty Ltd","30 Jun","Direct","","","Barristers' Sickness and Accident Fund Pty Ltd","30 Jun","Direct","","","Barristers' Sickness & Accident Fund Pty Ltd","30 Jun","Direct","","","Barristers' Sickness & Accident Fund Pty Ltd","30 Jun","Direct","","","Barristers' Sickness & Accident Fund Pty Ltd","30 Jun","Direct","","","Barristers' Sickness & Accident Fund Pty Ltd","30 Jun","Direct","","Captive"
"29","BERKLEY",NA,NA,NA,NA,NA,NA,NA,NA,NA,NA,NA,NA,NA,NA,NA,"Berkley Insurance Company","31 Dec","Reinsurer","Branch","","Berkley Insurance Company","31 Dec","Reinsurer","Branch","","Berkley Insurance Company","31 Dec","Reinsurer","Branch",""
"30","BHP MARINE","BHP Billiton Marine & General Insurances PL","30 Jun","Direct","","Captive","BHP Billiton Marine & General Insurances PL","30 Jun","Direct","","Captive","BHP Billiton Marine & General Insurances PL","30 Jun","Direct","","Captive","BHP Billiton Marine & General Insurances PL","30 Jun","Direct","","Captive","BHP Billiton Marine & General Insurances PL","30 Jun","Direct","","Captive","BHP Billiton Marine & General Insurances PL","30 Jun","Direct","","Captive"
"31","BORAL","Boral Insurance Pty Limited","30 Jun","Direct","","Run-off","Boral Insurance Pty Limited","30 Jun","Direct","","Run-off","Boral Insurance Pty Limited","30 Jun","Direct","","Run-off","Boral Insurance Pty Limited","30 Jun","Direct","","Run-off","Boral Insurance Pty Limited","30 Jun","Direct","","Run-off","Boral Insurance Pty Limited","30 Jun","Direct","","Run-off"
"32","BUDGET","Budget Insurance Company Limited","30 Jun","Direct","Branch","Run-off","Budget Insurance Company Limited","30 Jun","Direct","Branch","Run-off","Budget Insurance Company Limited","30 Jun","Direct","Branch","Run-off",NA,NA,NA,NA,NA,NA,NA,NA,NA,NA,NA,NA,NA,NA,NA
"33","CALLI","Calliden Limited","31 Dec","Direct","","","Calliden Limited","31 Dec","Direct","","","Calliden Limited","31 Dec","Direct","","","Calliden Limited","31 Dec","Direct","","",NA,NA,NA,NA,NA,NA,NA,NA,NA,NA
"34","CALLI GRP","Calliden Group Limited","31 Dec","Reinsurer","","Run-off","Calliden Group Limited","31 Dec","Reinsurer","","Run-off","Calliden Group Limited","31 Dec","Reinsurer","","Run-off",NA,NA,NA,NA,NA,NA,NA,NA,NA,NA,NA,NA,NA,NA,NA
"35","CATHOLIC","Catholic Church Insurances Ltd","30 Jun","Direct","","","Catholic Church Insurances Ltd","30 Jun","Direct","","","Catholic Church Insurances Ltd","30 Jun","Direct","","","Catholic Church Insurances Ltd","30 Jun","Direct","","","Catholic Church Insurances Ltd","30 Jun","Direct","","","Catholic Church Insurances Ltd","30 Jun","Direct","",""
"36","CAVELL","Cavell Insurance Company Limited","31 Dec","Reinsurer","Branch","Run-off","Cavell Insurance Company Limited","31 Dec","Reinsurer","Branch","Run-off","Cavell Insurance Company Limited","31 Dec","Reinsurer","Branch","Run-off","Cavell Insurance Company Limited","31 Dec","Reinsurer","Branch","Run-off","Cavell Insurance Company Limited","31 Dec","Reinsurer","Branch","",NA,NA,NA,NA,NA
"37","CGU","CGU Insurance Limited","30 Jun","Direct","","","CGU Insurance Limited","30 Jun","Direct","","","CGU Insurance Limited","30 Jun","Direct","","","CGU Insurance Limited","30 Jun","Direct","","","CGU Insurance Limited","30 Jun","Direct","","","CGU Insurance Limited","30 Jun","Direct","",""
"38","CGU VACC","CGU-VACC Insurance Limited","30 Jun","Direct","","","CGU-VACC Insurance Limited","30 Jun","Direct","","","CGU-VACC Insurance Limited","30 Jun","Direct","","","CGU-VACC Insurance Limited","30 Jun","Direct","","","CGU-VACC Insurance Limited","30 Jun","Direct","","","CGU-VACC Insurance Limited","30 Jun","Direct","",""
"39","CHUBB","Chubb Insurance Company of Australia Limited","31 Dec","Direct","","","Chubb Insurance Company of Australia Limited","31 Dec","Direct","","","Chubb Insurance Company of Australia Limited","31 Dec","Direct","","","Chubb Insurance Company of Australia Limited","31 Dec","Direct","","","Chubb Insurance Company of Australia Limited","31 Dec","Direct","","","Chubb Insurance Company of Australia Limited","31 Dec","Direct","",""
"40","CHURCH",NA,NA,NA,NA,NA,NA,NA,NA,NA,NA,NA,NA,NA,NA,NA,"Church Bay Limited","31 Dec","Direct","","Run-off","Church Bay Limited","31 Dec","Direct","","Run-off","Church Bay Limited","31 Dec","Direct","","Run-off"
"41","CIC","CIC Allianz Insurance Limited","31 Dec","Direct","","","CIC Allianz Insurance Limited","31 Dec","Direct","","","CIC Allianz Insurance Limited","31 Dec","Direct","","","CIC Allianz Insurance Limited","31 Dec","Direct","","","CIC Allianz Insurance Limited","31 Dec","Direct","","","CIC Allianz Insurance Limited","31 Dec","Direct","",""
"42","CIL",NA,NA,NA,NA,NA,NA,NA,NA,NA,NA,NA,NA,NA,NA,NA,"Calliden Insurance Limited","31 Dec","Direct","","","Calliden Insurance Limited","31 Dec","Direct","","","Calliden Insurance Limited","31 Dec","Direct","",""
"43","COFACE",NA,NA,NA,NA,NA,NA,NA,NA,NA,NA,NA,NA,NA,NA,NA,NA,NA,NA,NA,NA,"Compagnie Francaise D'Assurance Pour Le Commerce Exterieur","31 Dec","Direct","Branch","","Compagnie Francaise D'Assurance Pour Le Commerce Exterieur","31 Dec","Direct","Branch",""
"44","COL PROT","Colonial Protection Insurance Pty Limited","30 Jun","Direct","","Run-off","Colonial Protection Insurance Pty Limited","30 Jun","Direct","","Run-off",NA,NA,NA,NA,NA,NA,NA,NA,NA,NA,NA,NA,NA,NA,NA,NA,NA,NA,NA,NA
"45","COLOGNE RE","Cologne Reinsurance Co","31 Dec","Reinsurer","Branch","","Cologne Reinsurance Co","31 Dec","Reinsurer","Branch","","Cologne Reinsurance Co","31 Dec","Reinsurer","Branch","","Kolnische Ruckversicherungs-Gesellschaft Aktiengesellschaft","31 Dec","Reinsurer","Branch","","Kolnische Ruckversicherungs-Gesellschaft Aktiengesellschaft","31 Dec","Reinsurer","Branch","","General Reinsurance AG","31 Dec","Reinsurer","Branch",""
"46","COM INSUR","Commonwealth Insurance Limited","30 Jun","Direct","","","Commonwealth Insurance Limited","30 Jun","Direct","","","Commonwealth Insurance Limited","30 Jun","Direct","","","Commonwealth Insurance Limited","30 Jun","Direct","","","Commonwealth Insurance Limited","30 Jun","Direct","","","Commonwealth Insurance Limited","30 Jun","Direct","",""
"47","COM STEAM","Commonwealth Steamship Insurance Company","30 Jun","Direct","","Run-off","Commonwealth Steamship Insurance Company","30 Jun","Direct","","Run-off","Commonwealth Steamship Insurance Company","30 Jun","Direct","","Run-off","Commonwealth Steamship Insurance Company","30 Jun","Direct","","Run-off","Commonwealth Steamship Insurance Company","30 Jun","Direct","","Run-off","Commonwealth Steamship Insurance Company","30 Jun","Direct","","Run-off"
"48","COMBINED","Combined Insurance Company of Australia","31 Dec","Direct","Branch","","Combined Insurance Company of Australia","31 Dec","Direct","Branch","","Combined Insurance Company of Australia","31 Dec","Direct","Branch","","Combined Insurance Company of America","31 Dec","Direct","Branch","","Combined Insurance Company of America","31 Dec","Direct","Branch","","Combined Insurance Company of America","31 Dec","Direct","Branch",""
"49","CONVER","Converium Limited","31 Dec","Reinsurer","Branch","","Converium Limited","31 Dec","Reinsurer","Branch","","Scor Switzerland Ltd","31 Dec","Reinsurer","Branch","",NA,NA,NA,NA,NA,NA,NA,NA,NA,NA,NA,NA,NA,NA,NA
"50","COPENHAGEN","The Copenhagen Reinsurance Company Limited","31 Dec","Reinsurer","Branch","Run-off","The Copenhagen Reinsurance Company Limited","31 Dec","Reinsurer","Branch","Run-off","The Copenhagen Reinsurance Company Limited","31 Dec","Reinsurer","Branch","Run-off","The Copenhagen Reinsurance Company Limited","31 Dec","Reinsurer","Branch","Run-off","The Copenhagen Reinsurance Company Limited","31 Dec","Reinsurer","Branch","Run-off","The Copenhagen Reinsurance Company Limited","31 Dec","Reinsurer","Branch","Run-off"
"51","CORRVAS","Corrvas Insurance Pty Ltd","30 Jun","Direct","","Run-off","Corrvas Insurance Pty Ltd","30 Jun","Direct","","Run-off","Corrvas Insurance Pty Ltd","30 Jun","Direct","","Run-off","Corrvas Insurance Pty Ltd","30 Jun","Direct","","Run-off","Corrvas Insurance Pty Ltd","30 Jun","Direct","","Run-off","Corrvas Insurance Pty Ltd","30 Jun","Direct","","Run-off"
"52","CREDICORP","Credicorp Insurance Pty Ltd","30 Jun","Direct","","","Credicorp Insurance Pty Ltd","30 Jun","Direct","","","Credicorp Insurance Pty Ltd","30 Jun","Direct","","","Credicorp Insurance Pty. Ltd.","30 Jun","Direct","","","Credicorp Insurance Pty. Ltd.","30 Jun","Direct","","","Credicorp Insurance Pty. Ltd.","30 Jun","Direct","",""
"53","CUMIS","Cumis Insurance Society Inc","31 Dec","Direct","Branch","","Cumis Insurance Society Inc","31 Dec","Direct","Branch","","Cumis Insurance Society Inc","31 Dec","Direct","Branch","","Cumis Insurance Society Inc.","31 Dec","Direct","Branch","","Cumis Insurance Society Inc.","31 Dec","Direct","Branch","","Cumis Insurance Society Inc.","31 Dec","Direct","Branch",""
"54","CURASALUS","Curasalus Insurance Pty Ltd","30 Sep","Direct","","Captive","Curasalus Insurance Pty Ltd","30 Sep","Direct","","Captive","Curasalus Insurance Pty Ltd","30 Sep","Direct","","Captive","Curasalus Insurance Pty Ltd","30 Sep","Direct","","Captive","Curasalus Insurance Pty Ltd","30 Sep","Direct","","Captive","Curasalus Insurance Pty Ltd","30 Sep","Direct","","Captive"
"55","DOMESTIC",NA,NA,NA,NA,NA,NA,NA,NA,NA,NA,NA,NA,NA,NA,NA,"Domestic & General Insurance PLC","31 Mar","Direct","Branch","","Domestic & General Insurance PLC","31 Mar","Direct","Branch","","Domestic & General Insurance PLC","31 Mar","Direct","Branch",""
"56","EIG ANSVAR","EIG-Ansvar Limited","31 Dec","Direct","","","EIG-Ansvar Limited","31 Dec","Direct","","","Ansvar Insurance Limited","31 Dec","Direct","","","Ansvar Insurance Limited","31 Dec","Direct","","",NA,NA,NA,NA,NA,NA,NA,NA,NA,NA
"57","ELDERS","Elders Insurance Limited","30 Jun","Direct","","","Elders Insurance Limited","30 Jun","Direct","","","Elders Insurance Ltd","30 Jun","Direct","","","Elders Insurance Ltd","30 Jun","Direct","","","Elders Insurance Ltd","30 Jun","Direct","","","Elders Insurance Ltd","31 Dec","Direct","",""
"58","EMPLOY MUT","Employers Mutual Limited","30 Jun","Direct","","","Employers Mutual Limited","30 Jun","Direct","","","Employers Mutual Limited","30 Jun","Direct","","","Employers Mutual Limited","30 Jun","Direct","","","Employers Mutual Limited","30 Jun","Direct","","","Employers Mutual Limited","30 Jun","Direct","",""
"59","EMPLOY RE","Employers Reinsurance Corporation","31 Dec","Reinsurer","Branch","","Employers Reinsurance Corporation","31 Dec","Reinsurer","Branch","","Employers Reinsurance Corporation","31 Dec","Reinsurer","Branch","",NA,NA,NA,NA,NA,NA,NA,NA,NA,NA,NA,NA,NA,NA,NA
"60","FARM MIL","Farmers' Mutual Insurance Limited","31 Mar","Direct","Branch","","Farmers' Mutual Insurance Limited","31 Mar","Direct","Branch","",NA,NA,NA,NA,NA,NA,NA,NA,NA,NA,NA,NA,NA,NA,NA,NA,NA,NA,NA,NA
"61","FIRST AM","First American Title Insurance Company of Aust PL","31 Dec","Direct","","","First American Title Insurance Company of Aust PL","31 Dec","Direct","","","First American Title Insurance Company of Aust PL","31 Dec","Direct","","","First American Title Insurance Company of Aust PL","31 Dec","Direct","","","First American Title Insurance Company of Aust PL","31 Dec","Direct","","","First American Title Insurance Company of Aust PL","31 Dec","Direct","",""
"62","FM INS","FM Insurance Company Limited","31 Dec","Direct","Branch","","FM Insurance Company Limited","31 Dec","Direct","Branch","","FM Insurance Company Limited","31 Dec","Direct","Branch","","FM Insurance Company Limited","31 Dec","Direct","Branch","","FM Insurance Company Limited","31 Dec","Direct","Branch","","FM Insurance Company Limited","31 Dec","Direct","Branch",""
"63","FORTRON","Fortron Insurance Group Limited","30 Jun","Direct","","","Fortron Insurance Group Limited","30 Jun","Direct","","","Fortron Insurance Group Limited","30 Jun","Direct","","","Fortron Insurance Group Limited","30 Jun","Direct","","","Fortron Insurance Group Limited","30 Jun","Direct","","",NA,NA,NA,NA,NA
"64","GE MORT","Genworth Financial Mortgage Insurance PL","31 Dec","Direct","","LMI","Genworth Financial Mortgage Insurance PL","31 Dec","Direct","","LMI",NA,NA,NA,NA,NA,NA,NA,NA,NA,NA,NA,NA,NA,NA,NA,NA,NA,NA,NA,NA
"65","GEN LMI",NA,NA,NA,NA,NA,NA,NA,NA,NA,NA,"Genworth Financial Mortgage Indemnity Limited","31 Dec","Direct","","Run-off","Genworth Financial Mortgage Indemnity Limited","31 Dec","Direct","","Run-off","Genworth Financial Mortgage Indemnity Limited","31 Dec","Direct","","Run-off","Genworth Financial Mortgage Indemnity Limited","31 Dec","Direct","","Run-off"
"66","GEN MORT",NA,NA,NA,NA,NA,NA,NA,NA,NA,NA,"Genworth Financial Mortgage Insurance PL","31 Dec","Direct","","LMI","Genworth Financial Mortgage Insurance PL","31 Dec","Direct","","LMI","Genworth Financial Mortgage Insurance PL","31 Dec","Direct","","LMI","Genworth Financial Mortgage Insurance PL","31 Dec","Direct","","LMI"
"67","GEN RE","General Reinsurance Australia Ltd","31 Dec","Reinsurer","","","General Reinsurance Australia Ltd","31 Dec","Reinsurer","","","General Reinsurance Australia Ltd","31 Dec","Reinsurer","","","General Reinsurance Australia Ltd","31 Dec","Reinsurer","","","General Reinsurance Australia Ltd","31 Dec","Reinsurer","","","General Reinsurance Australia Ltd","31 Dec","Reinsurer","",""
"68","GERLING","Gerling Australia Insurance Company PL","31 Dec","Direct","","","Gerling Australia Insurance Company PL","31 Dec","Direct","","","HDI-Gerling Australia Insurance Company Pty Limited","31 Dec","Direct","","","HDI-Gerling Australia Insurance Company Pty Limited","31 Dec","Direct","","","HDI-Gerling Australia Insurance Company Pty Limited","31 Dec","Direct","","","HDI-Gerling Australia Insurance Company Pty Limited","31 Dec","Direct","",""
"69","GIO GEN","GIO General Limited","30 Jun","Direct","","","GIO General Limited","30 Jun","Direct","","","GIO General Limited","30 Jun","Direct","","","GIO General Limited","30 Jun","Direct","","","GIO General Limited","30 Jun","Direct","","","GIO General Limited","30 Jun","Direct","",""
"70","GORDIAN","Gordian Runoff Limited","31 Dec","Reinsurer","","Run-off","Gordian Runoff Limited","31 Dec","Reinsurer","","Run-off","Gordian Runoff Limited","31 Dec","Reinsurer","","Run-off","Gordian Runoff Limited","31 Dec","Reinsurer","","Run-off","Gordian Runoff Limited","31 Dec","Reinsurer","","Run-off","Gordian Runoff Limited","31 Dec","Reinsurer","","Run-off"
"71","GRT LAKES",NA,NA,NA,NA,NA,NA,NA,NA,NA,NA,NA,NA,NA,NA,NA,"Great Lakes Reinsurance (UK) PLC","31 Dec","Direct","Branch","","Great Lakes Reinsurance (UK) PLC","31 Dec","Direct","Branch","","Great Lakes Reinsurance (UK) PLC","31 Dec","Direct","Branch",""
"72","GUILD INS","Guild Insurance Limited","30 Jun","Direct","","","Guild Insurance Limited","30 Jun","Direct","","","Guild Insurance Limited","30 Jun","Direct","","","Guild Insurance Limited","30 Jun","Direct","","","Guild Insurance Limited","30 Jun","Direct","","","Guild Insurance Limited","30 Jun","Direct","",""
"73","HALLMARK","Hallmark General Insurance Company Ltd","31 Dec","Direct","","","Hallmark General Insurance Company Ltd","31 Dec","Direct","","","Hallmark General Insurance Company Ltd","31 Dec","Direct","","","Hallmark General Insurance Company Ltd.","31 Dec","Direct","","","Hallmark General Insurance Company Ltd.","31 Dec","Direct","","","Hallmark General Insurance Company Ltd.","31 Dec","Direct","",""
"74","HANNOVER","Hannover Reuckversicherung AG","31 Dec","Reinsurer","Branch","","Hannover Reuckversicherung AG","31 Dec","Reinsurer","Branch","","Hannover Rueckversicherung AG","31 Dec","Reinsurer","Branch","","Hannover Rueckversicherung AG","31 Dec","Reinsurer","Branch","","Hannover Rueckversicherung AG","31 Dec","Reinsurer","Branch","","Hannover Rueckversicherung AG","31 Dec","Reinsurer","Branch",""
"75","HBF INS","HBF Insurance Pty Ltd","30 Jun","Direct","","","HBF Insurance Pty Ltd","30 Jun","Direct","","","HBF Insurance Pty Ltd","30 Jun","Direct","","","HBF Insurance Pty Ltd","30 Jun","Direct","","","HBF Insurance Pty Ltd","30 Jun","Direct","","","HBF Insurance Pty Ltd","30 Jun","Direct","",""
"76","HDIGERLING",NA,NA,NA,NA,NA,NA,NA,NA,NA,NA,NA,NA,NA,NA,NA,NA,NA,NA,NA,NA,NA,NA,NA,NA,NA,"HDI-Gerling Industrie Versicherung AG","","Direct","Branch",""
"77","HOLLARD","The Hollard Insurance Company Pty Ltd","30 Jun","Direct","","","The Hollard Insurance Company Pty Ltd","30 Jun","Direct","","","The Hollard Insurance Company Pty Ltd","30 Jun","Direct","","","The Hollard Insurance Company Pty Ltd","30 Jun","Direct","","","The Hollard Insurance Company Pty Ltd","30 Jun","Direct","","","The Hollard Insurance Company Pty Ltd","30 Jun","Direct","",""
"78","HOTEL",NA,NA,NA,NA,NA,NA,NA,NA,NA,NA,NA,NA,NA,NA,NA,"Hotel Employers Mutual Limited","30 Jun","Direct","","","Hotel Employers Mutual Limited","30 Jun","Direct","","","Hotel Employers Mutual Limited","30 Jun","Direct","",""
"79","HPIA","Health Professionals Insurance Australia PL","30 Jun","Direct","","","MIPS Insurance Pty Ltd","30 Jun","Direct","","","MIPS Insurance Pty Ltd","30 Jun","Direct","","",NA,NA,NA,NA,NA,NA,NA,NA,NA,NA,NA,NA,NA,NA,NA
"80","HSB","HSB Engineering Insurance Limited","31 Dec","Direct","","","HSB Engineering Insurance Limited","31 Dec","Direct","Branch","","HSB Engineering Insurance Limited","31 Dec","Direct","Branch","","HSB Engineering Insurance Limited","31 Dec","Direct","Branch","","HSB Engineering Insurance Limited","31 Dec","Direct","Branch","","HSB Engineering Insurance Limited","31 Dec","Direct","Branch",""
"81","IAG RE","IAG Re Limited","30 Jun","Reinsurer","","","IAG Re Limited","30 Jun","Reinsurer","","","IAG Re Limited","30 Jun","Reinsurer","","",NA,NA,NA,NA,NA,NA,NA,NA,NA,NA,NA,NA,NA,NA,NA
"82","IAG RE AUS",NA,NA,NA,NA,NA,NA,NA,NA,NA,NA,"IAG Re Australia Limited","30 Jun","Direct","","","IAG Re Australia Limited","30 Jun","Direct","","","IAG Re Australia Limited","30 Jun","Direct","","","IAG Re Australia Limited","30 Jun","Direct","",""
"83","IAL","Insurance Australia Limited","30 Jun","Direct","","","Insurance Australia Limited","30 Jun","Direct","","","Insurance Australia Limited","30 Jun","Direct","","","Insurance Australia Limited","30 Jun","Direct","","","Insurance Australia Limited","30 Jun","Direct","","","Insurance Australia Limited","30 Jun","Direct","",""
"84","IMA","Insurance Manufacturers of Australia PL","30 Jun","Direct","","","Insurance Manufacturers of Australia PL","30 Jun","Direct","","","Insurance Manufacturers of Australia PL","30 Jun","Direct","","","Insurance Manufacturers of Australia PL","30 Jun","Direct","","","Insurance Manufacturers of Australia PL","30 Jun","Direct","","","Insurance Manufacturers of Australia PL","30 Jun","Direct","",""
"85","ING","ING General Insurance Pty Limited","31 Dec","Direct","","","ING General Insurance Pty Limited","31 Dec","Direct","","","ING General Insurance Pty Limited","31 Dec","Direct","","","ING General Insurance Pty Limited","31 Dec","Direct","","","ING General Insurance Pty Limited","31 Dec","Direct","","",NA,NA,NA,NA,NA
"86","INTHANN",NA,NA,NA,NA,NA,NA,NA,NA,NA,NA,NA,NA,NA,NA,NA,NA,NA,NA,NA,NA,"International Insurance Company of Hannover Limited","31 Dec","Direct","Branch","","International Insurance Company of Hannover Limited","31 Dec","Direct","Branch",""
"87","KEMPER INS","Kemper Insurance Co Ltd","31 Dec","Direct","","Run-off","Kemper Insurance Co Ltd","31 Dec","Direct","","Run-off","Kemper Insurance Co Ltd","31 Dec","Direct","","Run-off","Kemper Insurance Co Ltd","31 Dec","Direct","","Run-off","Kemper Insurance Co Ltd","31 Dec","Direct","","Run-off","Long Grove Insurance Company Limited","31 Dec","Direct","","Run-off"
"88","LAWCOVER","LawCover Insurance Pty Limited","30 Jun","Direct","","","LawCover Insurance Pty Limited","30 Jun","Direct","","","LawCover Insurance Pty Limited","30 Jun","Direct","","","LawCover Insurance Pty Limited","30 Jun","Direct","","","LawCover Insurance Pty Limited","30 Jun","Direct","","","LawCover Insurance Pty Limited","30 Jun","Direct","",""
"89","LIBERTY","Liberty Mutual Insurance Company","31 Dec","Direct","Branch","","Liberty Mutual Insurance Company","31 Dec","Direct","Branch","","Liberty Mutual Insurance Company","31 Dec","Direct","Branch","","Liberty Mutual Insurance Company","31 Dec","Direct","Branch","","Liberty Mutual Insurance Company","31 Dec","Direct","Branch","","Liberty Mutual Insurance Company","31 Dec","Direct","Branch",""
"90","LIONHEART","Lionheart Insurance Pty Ltd","30 Jun","Direct","","Run-off","Lionheart Insurance Pty Ltd","30 Jun","Direct","","Run-off","Lionheart Insurance Pty Ltd","30 Jun","Direct","","Run-off","Lionheart Insurance Pty Ltd","30 Jun","Direct","","Run-off","Lionheart Insurance Pty Ltd","30 Jun","Direct","","Run-off","Lionheart Insurance Pty Ltd","30 Jun","Direct","","Run-off"
"91","LUMLEY GEN","Lumley General Insurance Ltd","30 Jun","Direct","","","Lumley General Insurance Ltd","30 Jun","Direct","","","Lumley General Insurance Ltd","30 Jun","Direct","","","Lumley General Insurance Ltd","30 Jun","Direct","","",NA,NA,NA,NA,NA,NA,NA,NA,NA,NA
"92","MASTER BUT","Master Butchers Co-operative Limited","01 Dec","Direct","","Run-off","Master Butchers Co-operative Limited","01 Dec","Direct","","Run-off","Master Butchers Co-operative Limited","01 Dec","Direct","","Run-off","Master Butchers Limited","01 Dec","Direct","","Run-off","Master Butchers Limited","01 Dec","Direct","","Run-off","Master Butchers Limited","01 Dec","Direct","","Run-off"
"93","MDA","MDA National Insurance Pty Ltd","30 Jun","Direct","","","MDA National Insurance Pty Ltd","30 Jun","Direct","","","MDA National Insurance Pty Ltd","30 Jun","Direct","","","MDA National Insurance Pty Ltd","30 Jun","Direct","","","MDA National Insurance Pty Ltd","30 Jun","Direct","","","MDA National Insurance Pty Ltd","30 Jun","Direct","",""
"94","MDU","MDU Australia Insurance Co Pty Limited","30 Jun","Direct","","Run-off","MDU Australia Insurance Co Pty Limited","30 Jun","Direct","","Run-off","MDU Australia Insurance Co Pty Limited","30 Jun","Direct","","Run-off","MDU Australia Insurance Co Pty Limited","30 Jun","Direct","","",NA,NA,NA,NA,NA,NA,NA,NA,NA,NA
"95","METLIFE","MetLife General Insurance Limited","31 Dec","Direct","","Run-off","MetLife General Insurance Limited","31 Dec","Direct","","Run-off","MetLife General Insurance Limited","31 Dec","Direct","","Run-off","MetLife General Insurance Limited","31 Dec","Direct","","Run-off","MetLife General Insurance Limited","31 Dec","Direct","","Run-off","MetLife General Insurance Limited","31 Dec","Direct","","Run-off"
"96","MGIC",NA,NA,NA,NA,NA,NA,NA,NA,NA,NA,"MGIC Australia Pty Limited","31 Dec","Direct","","LMI","MGIC Australia Pty Limited","31 Dec","Direct","","LMI","MGIC Australia Pty Limited","31 Dec","Direct","","Run-off","MGIC Australia Pty Limited","31 Dec","Direct","","Run-off"
"97","MIA","Medical Insurance Australia Pty Limited","30 Jun","Direct","","","Medical Insurance Australia Pty Limited","30 Jun","Direct","","","Medical Insurance Australia Pty Limited","30 Jun","Direct","","","Medical Insurance Australia Pty Limited","30 Jun","Direct","","","Medical Insurance Australia Pty Limited","30 Jun","Direct","","","Medical Insurance Australia Pty Limited","30 Jun","Direct","",""
"98","MIPSI",NA,NA,NA,NA,NA,NA,NA,NA,NA,NA,NA,NA,NA,NA,NA,"MIPS Insurance Pty Ltd","30 Jun","Direct","","","MIPS Insurance Pty Ltd","30 Jun","Direct","","","MIPS Insurance Pty Ltd","30 Jun","Direct","",""
"99","MITSUI","Mitsui Sumitomo Insurance Company, Limited","31 Mar","Direct","Branch","","Mitsui Sumitomo Insurance Company, Limited","31 Mar","Direct","Branch","","Mitsui Sumitomo Insurance Company, Limited","31 Mar","Direct","Branch","","Mitsui Sumitomo Insurance Company, Limited","31 Mar","Direct","Branch","","Mitsui Sumitomo Insurance Company, Limited","31 Mar","Direct","Branch","","Mitsui Sumitomo Insurance Company, Limited","31 Mar","Direct","Branch",""
"100","MMIA","MMIA Pty Limited","31 Dec","Direct","","","MMIA Pty Limited","31 Dec","Direct","","","MMIA Pty Limited","31 Dec","Direct","","Run-off","MMIA Pty Limited","31 Dec","Direct","","",NA,NA,NA,NA,NA,NA,NA,NA,NA,NA
"101","MRMPL","Mortgage Risk Management Pty Ltd","30 Jun","Direct","","LMI","Mortgage Risk Management Pty Ltd","30 Jun","Direct","","LMI","Mortgage Risk Management Pty Ltd","30 Jun","Direct","","LMI","Mortgage Risk Management Pty Ltd.","30 Jun","Direct","","LMI","Mortgage Risk Management Pty Ltd.","30 Jun","Direct","","LMI","Mortgage Risk Management Pty Ltd.","30 Jun","Direct","","LMI"
"102","MTA","MTA Insurance Limited","30 Jun","Direct","","","MTA Insurance Limited","30 Jun","Direct","","","MTA Insurance Limited","30 Jun","Direct","","","MTA Insurance Limited","30 Jun","Direct","","","MTA Insurance Limited","30 Jun","Direct","","","MTA Insurance Limited","30 Jun","Direct","",""
"103","MUNICH RE","Munich Reinsurance Company Aus Branch","31 Dec","Reinsurer","Branch","","Munich Reinsurance Company Aus Branch","31 Dec","Reinsurer","Branch","","Munich Reinsurance Company Aus Branch","31 Dec","Reinsurer","Branch","","Munich Reinsurance Company Aus Branch","31 Dec","Reinsurer","Branch","","Munich Reinsurance Company Aus Branch","31 Dec","Reinsurer","Branch","","Munich Reinsurance Company Aus Branch","31 Dec","Reinsurer","Branch",""
"104","MUNICIPAL","Municipal Mutual Insurance Limited","30 Jun","Direct","Branch","Run-off","Municipal Mutual Insurance Limited","30 Jun","Direct","Branch","Run-off","Municipal Mutual Insurance Limited","30 Jun","Direct","Branch","Run-off","Municipal Mutual Insurance Limited","30 Jun","Direct","Branch","Run-off","Municipal Mutual Insurance Limited","30 Jun","Direct","Branch","Run-off",NA,NA,NA,NA,NA
"105","MUT COMM","Mutual Community General Insurance PL","30 Jun","Direct","","","Mutual Community General Insurance PL","30 Jun","Direct","","","Mutual Community General Insurance PL","30 Jun","Direct","","","Mutual Community General Insurance PL","30 Jun","Direct","","","Mutual Community General Insurance PL","30 Jun","Direct","","","Mutual Community General Insurance PL","30 Jun","Direct","",""
"106","NEW INDIA","The New India Assurance Co Ltd","31 Mar","Reinsurer","Branch","","The New India Assurance Co Ltd","31 Mar","Reinsurer","Branch","","The New India Assurance Co Ltd","31 Mar","Reinsurer","Branch","","The New India Assurance Co Ltd","31 Mar","Reinsurer","Branch","","The New India Assurance Co Ltd","31 Mar","Reinsurer","Branch","","The New India Assurance Co Ltd","31 Mar","Reinsurer","Branch",""
"107","NIPPONKOA","NIPPONKOA Insurance Company Limited","31 Mar","Direct","Branch","","NIPPONKOA Insurance Company Limited","31 Mar","Direct","Branch","","NIPPONKOA Insurance Company Limited","31 Mar","Direct","Branch","","NIPPONKOA Insurance Company Limited","31 Mar","Direct","Branch","","NIPPONKOA Insurance Company Limited","31 Mar","Direct","Branch","","NIPPONKOA Insurance Company Limited","31 Mar","Direct","Branch",""
"108","NORTH","North Insurances Pty Ltd","31 Dec","Direct","","Run-off","North Insurances Pty Ltd","31 Dec","Direct","","Run-off","North Insurances Pty Ltd","31 Dec","Direct","","Run-off","North Insurances Pty. Ltd.","31 Dec","Direct","","Run-off","North Insurances Pty. Ltd.","31 Dec","Direct","","Run-off","North Insurances Pty. Ltd.","31 Dec","Direct","","Run-off"
"109","NRG LONDON","NRG London Reinsurance Company Ltd","31 Dec","Reinsurer","Branch","Run-off","NRG London Reinsurance Company Ltd","31 Dec","Reinsurer","Branch","Run-off","NRG London Reinsurance Company Ltd","31 Dec","Reinsurer","Branch","Run-off",NA,NA,NA,NA,NA,NA,NA,NA,NA,NA,NA,NA,NA,NA,NA
"110","NRG VIC","NRG Victory Australia Limited","31 Dec","Reinsurer","","Run-off","NRG Victory Australia Limited","31 Dec","Reinsurer","","Run-off","NRG Victory Australia Limited","31 Dec","Reinsurer","","Run-off",NA,NA,NA,NA,NA,NA,NA,NA,NA,NA,NA,NA,NA,NA,NA
"111","NZI AUS","NZI Insurance Australia Limited","30 Jun","Direct","","","NZI Insurance Australia Limited","30 Jun","Direct","","",NA,NA,NA,NA,NA,NA,NA,NA,NA,NA,NA,NA,NA,NA,NA,NA,NA,NA,NA,NA
"112","OPG",NA,NA,NA,NA,NA,NA,NA,NA,NA,NA,NA,NA,NA,NA,NA,NA,NA,NA,NA,NA,NA,NA,NA,NA,NA,"OnePath General Insurance Pty Limited","31 Dec","Direct","",""
"113","OPTUS","Optus Insurance Services Pty Limited","31 Mar","Direct","","","Optus Insurance Services Pty Limited","31 Mar","Direct","","","Optus Insurance Services Pty Limited","31 Mar","Direct","","","Optus Insurance Services Pty Limited","31 Mar","Direct","","","Optus Insurance Services Pty Limited","31 Mar","Direct","","","Optus Insurance Services Pty Limited","31 Mar","Direct","",""
"114","OVOID","Ovoid Insurance Pty Limited","30 Jun","Direct","","Captive",NA,NA,NA,NA,NA,NA,NA,NA,NA,NA,NA,NA,NA,NA,NA,NA,NA,NA,NA,NA,NA,NA,NA,NA,NA
"115","PACIFIC",NA,NA,NA,NA,NA,NA,NA,NA,NA,NA,NA,NA,NA,NA,NA,NA,NA,NA,NA,NA,"Pacific International Insurance Limited","30 Jun","Direct","Branch","","Pacific International Insurance Limited","30 Jun","Direct","Branch",""
"116","PIA","Professional Insurance Australia Pty Ltd","30 Jun","Direct","","Run-off","Professional Insurance Australia Pty Ltd","30 Jun","Direct","","Run-off","Professional Insurance Australia Pty Ltd","30 Jun","Direct","","Run-off","Professional Insurance Australia Pty Ltd","30 Jun","Direct","","Run-off","Professional Insurance Australia Pty Ltd","30 Jun","Direct","","Run-off","Professional Insurance Australia Pty Ltd","30 Jun","Direct","","Run-off"
"117","PIICA","Professional Indemnity Insurance Co Aus PL","30 Jun","Direct","","","Professional Indemnity Insurance Co Aus PL","30 Jun","Direct","","","Professional Indemnity Insurance Co Aus PL","30 Jun","Direct","","",NA,NA,NA,NA,NA,NA,NA,NA,NA,NA,NA,NA,NA,NA,NA
"118","PLMI","Permanent LMI Pty Limited","31 Dec","Direct","","LMI","Permanent LMI Pty Limited","31 Dec","Direct","","LMI","Permanent LMI Pty Limited","31 Dec","Direct","","LMI","Permanent LMI Pty. Limited","31 Dec","Direct","","LMI","Permanent LMI Pty. Limited","31 Dec","Direct","","LMI","Permanent LMI Pty. Limited","31 Dec","Direct","","LMI"
"119","PMI IND","PMI Indemnity Limited","31 Dec","Direct","","Run-off","PMI Indemnity Limited","31 Dec","Direct","","LMI",NA,NA,NA,NA,NA,NA,NA,NA,NA,NA,NA,NA,NA,NA,NA,NA,NA,NA,NA,NA
"120","PMI MORT","PMI Mortgage Insurance Ltd","31 Dec","Direct","","LMI","PMI Mortgage Insurance Ltd","31 Dec","Direct","","LMI","PMI Mortgage Insurance Ltd","31 Dec","Direct","","LMI","PMI Mortgage Insurance Ltd","31 Dec","Direct","","LMI",NA,NA,NA,NA,NA,NA,NA,NA,NA,NA
"121","POSEIDON","Poseidon Insurance Co Pty Ltd","30 Jun","Direct","","Run-off","Poseidon Insurance Co Pty Ltd","30 Jun","Direct","","Run-off","Poseidon Insurance Co Pty Ltd","30 Jun","Direct","","Run-off","Poseidon Insurance Co Pty Ltd","30 Jun","Direct","","Run-off","Poseidon Insurance Co Pty Ltd","30 Jun","Direct","","Run-off","Poseidon Insurance Co Pty Ltd","30 Jun","Direct","","Run-off"
"122","PROGDIRECT",NA,NA,NA,NA,NA,NA,NA,NA,NA,NA,NA,NA,NA,NA,NA,NA,NA,NA,NA,NA,NA,NA,NA,NA,NA,"Progressive Direct Insurance Company","31 Dec","Direct","Branch",""
"123","QBE AUS","QBE Insurance (Australia) Limited","31 Dec","Direct","","","QBE Insurance (Australia) Limited","31 Dec","Direct","","","QBE Insurance (Australia) Limited","31 Dec","Direct","","","QBE Insurance (Australia) Limited","31 Dec","Direct","","","QBE Insurance (Australia) Limited","31 Dec","Direct","","","QBE Insurance (Australia) Limited","31 Dec","Direct","",""
"124","QBE INT","QBE Insurance (International) Ltd","31 Dec","Direct","","","QBE Insurance (International) Ltd","31 Dec","Direct","","","QBE Insurance (International) Ltd","31 Dec","Direct","","","QBE Insurance (International) Ltd","31 Dec","Direct","","","QBE Insurance (International) Ltd","31 Dec","Direct","","","QBE Insurance (International) Ltd","31 Dec","Direct","",""
"125","QBE LMI",NA,NA,NA,NA,NA,NA,NA,NA,NA,NA,NA,NA,NA,NA,NA,NA,NA,NA,NA,NA,"QBE Lenders' Mortgage Insurance Limited","31 Dec","Direct","","LMI","QBE Lenders' Mortgage Insurance Limited","31 Dec","Direct","","LMI"
"126","RAA","RAA Insurance Limited","30 Jun","Direct","","","RAA Insurance Limited","30 Jun","Direct","","","RAA Insurance Limited","30 Jun","Direct","","","RAA Insurance Limited","30 Jun","Direct","","","RAA Insurance Limited","30 Jun","Direct","","","RAA Insurance Limited","30 Jun","Direct","",""
"127","RAC","RAC Insurance Pty Limited","31 Dec","Direct","","","RAC Insurance Pty Limited","31 Dec","Direct","","","RAC Insurance Pty Limited","31 Dec","Direct","","","RAC Insurance Pty Limited","30 Jun","Direct","","","RAC Insurance Pty Limited","30 Jun","Direct","","","RAC Insurance Pty Limited","30 Jun","Direct","",""
"128","RACQ","RACQ Insurance Limited","31 Dec","Direct","","","RACQ Insurance Limited","31 Dec","Direct","","","RACQ Insurance Limited","31 Dec","Direct","","","RACQ Insurance Limited","31 Dec","Direct","","","RACQ Insurance Limited","31 Dec","Direct","","","RACQ Insurance Limited","31 Dec","Direct","",""
"129","RACT","RACT Insurance Pty Ltd","30 Jun","Direct","","","RACT Insurance Pty Ltd","30 Jun","Direct","","","RACT Insurance Pty Ltd","30 Jun","Direct","","","RACT Insurance Pty. Ltd.","30 Jun","Direct","","","RACT Insurance Pty. Ltd.","30 Jun","Direct","","","RACT Insurance Pty. Ltd.","30 Jun","Direct","",""
"130","REALCOVER",NA,NA,NA,NA,NA,NA,NA,NA,NA,NA,NA,NA,NA,NA,NA,NA,NA,NA,NA,NA,"RealCover Insurances Pty Limited","30 Jun","Direct","","Captive","RealCover Insurances Pty Limited","30 Jun","Direct","","Captive"
"131","RURAL","A.C.N. 000 007 492 Limited","30 Jun","Direct","","Run-off","A.C.N. 000 007 492 Limited","30 Jun","Direct","","Run-off","A.C.N. 000 007 492 Limited","30 Jun","Direct","","Run-off","A.C.N. 000 007 492 Limited","30 Jun","Direct","","Run-off","A.C.N. 000 007 492 Limited","30 Jun","Direct","","Run-off","A.C.N. 000 007 492 Limited (in Liquidation)","30 Jun","Direct","","Run-off"
"132","SCOR","SCOR Reinsurance Asia-Pacific Pte Ltd","31 Dec","Reinsurer","Branch","","SCOR Reinsurance Asia-Pacific Pte Ltd","31 Dec","Reinsurer","Branch","","SCOR Reinsurance Asia-Pacific Pte Ltd","31 Dec","Reinsurer","Branch","","SCOR Reinsurance Asia-Pacific Pte. Ltd.","31 Dec","Reinsurer","Branch","","SCOR Reinsurance Asia-Pacific Pte. Ltd.","31 Dec","Reinsurer","Branch","","SCOR Reinsurance Asia-Pacific Pte. Ltd.","31 Dec","Reinsurer","Branch",""
"133","SCROSS",NA,NA,NA,NA,NA,NA,NA,NA,NA,NA,NA,NA,NA,NA,NA,NA,NA,NA,NA,NA,"Southern Cross Benefits Limited","30 Jun","Direct","Branch","","Southern Cross Benefits Limited","30 Jun","Direct","Branch",""
"134","SGIA",NA,NA,NA,NA,NA,NA,NA,NA,NA,NA,"St.George Insurance Australia Pty Limited","30 Sep","Direct","","LMI","St. George Insurance Australia Pty Limited","30 Sep","Direct","","LMI","St. George Insurance Australia Pty Limited","30 Sep","Direct","","LMI","St. George Insurance Australia Pty Limited","30 Sep","Direct","","LMI"
"135","SIRIUS",NA,NA,NA,NA,NA,NA,NA,NA,NA,NA,NA,NA,NA,NA,NA,NA,NA,NA,NA,NA,"Sirius International Insurance Corporation","31 Dec","Direct","Branch","","Sirius International Insurance Corporation","31 Dec","Direct","Branch",""
"136","SOMPO","Sompo Japan Insurance Inc","31 Dec","Direct","Branch","","Sompo Japan Insurance Inc","31 Dec","Direct","Branch","","Sompo Japan Insurance Inc","31 Dec","Direct","Branch","","Sompo Japan Insurance Inc.","31 Dec","Direct","Branch","","Sompo Japan Insurance Inc.","31 Dec","Direct","Branch","","Sompo Japan Insurance Inc.","31 Dec","Direct","Branch",""
"137","SOVEREIGN",NA,NA,NA,NA,NA,NA,NA,NA,NA,NA,NA,NA,NA,NA,NA,NA,NA,NA,NA,NA,NA,NA,NA,NA,NA,"Sovereign Insurance Australia Pty Ltd","30 Jun","Direct","",""
"138","SPHERE DRA","Sphere Drake Insurance Limited","31 Dec","Reinsurer","Branch","Run-off","Sphere Drake Insurance Limited","31 Dec","Reinsurer","Branch","Run-off","Sphere Drake Insurance Limited","31 Dec","Reinsurer","Branch","Run-off","Sphere Drake Insurance Limited","31 Dec","Reinsurer","Branch","Run-off","Sphere Drake Insurance Limited","31 Dec","Reinsurer","Branch","",NA,NA,NA,NA,NA
"139","SR INT",NA,NA,NA,NA,NA,NA,NA,NA,NA,NA,NA,NA,NA,NA,NA,NA,NA,NA,NA,NA,NA,NA,NA,NA,NA,"Swiss Re International SE","31 Dec","Direct","Branch",""
"140","SSL",NA,NA,NA,NA,NA,NA,NA,NA,NA,NA,NA,NA,NA,NA,NA,"Scor Switzerland Ltd.","31 Dec","Reinsurer","Branch","","Scor Switzerland Ltd.","31 Dec","Reinsurer","Branch","",NA,NA,NA,NA,NA
"141","ST ANDREW","St Andrew's Insurance (Australia) Pty Ltd","31 Dec","Direct","","","St Andrew's Insurance (Australia) Pty Ltd","31 Dec","Direct","","","St Andrew's Insurance (Australia) Pty Ltd","31 Dec","Direct","","","St Andrew's Insurance (Australia) Pty Ltd","30 Jun","Direct","","","St Andrew's Insurance (Australia) Pty Ltd","30 Jun","Direct","","","St Andrew's Insurance (Australia) Pty Ltd","30 Jun","Direct","",""
"142","ST PAUL","St. Paul Travelers Insurance Company Limited","30 Sep","Direct","Branch","Run-off","St. Paul Travelers Insurance Company Limited","30 Sep","Direct","Branch","Run-off","St. Paul Travelers Insurance Company Limited","30 Sep","Direct","Branch","Run-off",NA,NA,NA,NA,NA,NA,NA,NA,NA,NA,NA,NA,NA,NA,NA
"143","STATECOVER","Statecover Mutual Limited","30 Jun","Direct","","","Statecover Mutual Limited","30 Jun","Direct","","","Statecover Mutual Limited","30 Jun","Direct","","","Statecover Mutual Limited","30 Jun","Direct","","","Statecover Mutual Limited","30 Jun","Direct","","","StateCover Mutual Limited","30 Jun","Direct","",""
"144","STEWART","Stewart Title Limited","31 Dec","Direct","Branch","","Stewart Title Limited","31 Dec","Direct","Branch","","Stewart Title Limited","31 Dec","Direct","Branch","","Stewart Title Limited","31 Dec","Direct","Branch","","Stewart Title Limited","31 Dec","Direct","Branch","","Stewart Title Limited","31 Dec","Direct","Branch",""
"145","SUNCORP","Suncorp Metway Insurance Limited","30 Jun","Direct","","","Suncorp Metway Insurance Limited","30 Jun","Direct","","","Suncorp Metway Insurance Limited","30 Jun","Direct","","","Suncorp Metway Insurance Limited","30 Jun","Direct","","","Suncorp Metway Insurance Limited","30 Jun","Direct","","","Suncorp Metway Insurance Limited","30 Jun","Direct","",""
"146","SUNDERLAND","Sunderland Marine Mutual Insurance Co Ltd","31 Dec","Direct","Branch","","Sunderland Marine Mutual Insurance Co Ltd","31 Dec","Direct","Branch","","Sunderland Marine Mutual Insurance Co Ltd","31 Dec","Direct","Branch","","Sunderland Marine Mutual Insurance Co Ltd","31 Dec","Direct","Branch","","Sunderland Marine Mutual Insurance Co Ltd","31 Dec","Direct","Branch","","Sunderland Marine Mutual Insurance Co Ltd","31 Dec","Direct","Branch",""
"147","SUNSTATE","Sunstate Lenders Mortgage Insurance Pty Ltd","30 Jun","Direct","","LMI","Sunstate Lenders Mortgage Insurance Pty Ltd","30 Jun","Direct","","LMI","Sunstate Lenders Mortgage Insurance Pty Ltd","30 Jun","Direct","","LMI","Sunstate Lenders Mortgage Insurance Pty Ltd.","30 Jun","Direct","","LMI","Sunstate Lenders Mortgage Insurance Pty Ltd.","30 Jun","Direct","","LMI",NA,NA,NA,NA,NA
"148","SWANN","Swann Insurance (Aust) Pty Ltd","30 Jun","Direct","","","Swann Insurance (Aust) Pty Ltd","30 Jun","Direct","","","Swann Insurance (Aust) Pty Ltd","30 Jun","Direct","","","Swann Insurance (Aust) Pty Ltd","30 Jun","Direct","","","Swann Insurance (Aust) Pty Ltd","30 Jun","Direct","","","Swann Insurance (Aust) Pty Ltd","30 Jun","Direct","",""
"149","SWISS RE","Swiss Reinsurance Company","31 Dec","Reinsurer","Branch","","Swiss Reinsurance Company","31 Dec","Reinsurer","Branch","","Swiss Reinsurance Company","31 Dec","Reinsurer","Branch","","Swiss Reinsurance Company Ltd","31 Dec","Reinsurer","Branch","","Swiss Reinsurance Company Ltd","31 Dec","Reinsurer","Branch","","Swiss Reinsurance Company Ltd","31 Dec","Reinsurer","Branch",""
"150","TAXI","Taxi Insurance Co-Operative Limited","30 Jun","Direct","","","Taxi Insurance Co-Operative Limited","30 Jun","Direct","","","Taxi Insurance Co-Operative Limited","30 Jun","Direct","","Run-off","Taxi Insurance Co-Operative Limited","30 Jun","Direct","","Run-off","Taxi Insurance Co-Operative Limited","30 Jun","Direct","","Run-off",NA,NA,NA,NA,NA
"151","TGI AUS","TGI Australia Limited","31 Dec","Direct","","Run-off","TGI Australia Limited","31 Dec","Direct","","Run-off","TGI Australia Limited","31 Dec","Direct","","Run-off","TGI Australia Limited","31 Dec","Direct","","Run-off","TGI Australia Limited","31 Dec","Direct","","Run-off","TGI Australia Limited","31 Dec","Direct","","Run-off"
"152","TMIC","The Mortgage Insurance Company Pty Limited","30 Jun","Direct","","LMI","The Mortgage Insurance Company Pty Limited","30 Jun","Direct","","LMI","The Mortgage Insurance Company Pty Limited","30 Jun","Direct","","LMI","The Mortgage Insurance Company Pty. Limited","30 Jun","Direct","","LMI","The Mortgage Insurance Company Pty. Limited","30 Jun","Direct","","Run-off","The Mortgage Insurance Company Pty. Limited","30 Jun","Direct","","Run-off"
"153","TOKIO","Tokio Marine & Nichido Fire Insurance Co","31 Mar","Direct","Branch","","Tokio Marine & Nichido Fire Insurance Co","31 Mar","Direct","Branch","","Tokio Marine & Nichido Fire Insurance Co","31 Mar","Direct","Branch","","Tokio Marine & Nichido Fire Insurance Co., Ltd.","31 Mar","Direct","Branch","","Tokio Marine & Nichido Fire Insurance Co., Ltd.","31 Mar","Direct","Branch","","Tokio Marine & Nichido Fire Insurance Co., Ltd.","31 Mar","Direct","Branch",""
"154","TOWER","Tower Insurance Limited","30 Sep","Direct","Branch","Run-off","Tower Insurance Limited","30 Sep","Direct","Branch","Run-off","Tower Insurance Limited","30 Sep","Direct","Branch","Run-off","Tower Insurance Limited","30 Sep","Direct","Branch","Run-off","Tower Insurance Limited","30 Sep","Direct","Branch","Run-off","Tower Insurance Limited","30 Sep","Direct","Branch","Run-off"
"155","TRAVELERS",NA,NA,NA,NA,NA,NA,NA,NA,NA,NA,NA,NA,NA,NA,NA,"Travelers Insurance Company Limited","30 Sep","Direct","Branch","Run-off","Travelers Insurance Company Limited","30 Sep","Direct","Branch","Run-off","Travelers Insurance Company Limited","30 Sep","Direct","Branch","Run-off"
"156","TRC","Transatlantic Reinsurance Company","31 Dec","Reinsurer","Branch","","Transatlantic Reinsurance Company","31 Dec","Reinsurer","Branch","","Transatlantic Reinsurance Company","31 Dec","Reinsurer","Branch","","Transatlantic Reinsurance Company","31 Dec","Reinsurer","Branch","","Transatlantic Reinsurance Company","31 Dec","Reinsurer","Branch","","Transatlantic Reinsurance Company","31 Dec","Reinsurer","Branch",""
"157","TTCLUB",NA,NA,NA,NA,NA,NA,NA,NA,NA,NA,NA,NA,NA,NA,NA,NA,NA,NA,NA,NA,"TT Club Mutual Insurance Limited","31 Dec","Direct","Branch","","TT Club Mutual Insurance Limited","31 Dec","Direct","Branch",""
"158","VERO","Vero Insurance Limited","31 Dec","Direct","","","Vero Insurance Limited","31 Dec","Direct","","","Vero Insurance Limited","30 Jun","Direct","","","Vero Insurance Limited","30 Jun","Direct","","","Vero Insurance Limited","30 Jun","Direct","","","Vero Insurance Limited","30 Jun","Direct","",""
"159","VERO LMI","Vero Lenders Mortgage Insurance Limited","31 Dec","Direct","","Run-off","Genworth Financial Mortgage Indemnity Limited","31 Dec","Direct","","Run-off",NA,NA,NA,NA,NA,NA,NA,NA,NA,NA,NA,NA,NA,NA,NA,NA,NA,NA,NA,NA
"160","VIRGINIA","Virginia Surety Company, Inc","31 Dec","Direct","Branch","","Virginia Surety Company, Inc","31 Dec","Direct","Branch","","Virginia Surety Company, Inc","31 Dec","Direct","Branch","","Virginia Surety Company, Inc.","31 Dec","Direct","Branch","","Virginia Surety Company, Inc.","31 Dec","Direct","Branch","","Virginia Surety Company, Inc.","31 Dec","Direct","Branch",""
"161","WESFARMERS","Wesfarmers Federation Insurance Limited","30 Jun","Direct","","","Wesfarmers Federation Insurance Limited","30 Jun","Direct","","","Wesfarmers Federation Insurance Limited","30 Jun","Direct","","","Wesfarmers Federation Insurance Limited","30 Jun","Direct","","",NA,NA,NA,NA,NA,NA,NA,NA,NA,NA
"162","WESTERN","Western Lenders Mortgage Insurance Co Ltd","31 Dec","Direct","","LMI","Western Lenders Mortgage Insurance Co Ltd","31 Dec","Direct","","LMI","Western Lenders Mortgage Insurance Co Ltda","31 Dec","Direct","","Run-off",NA,NA,NA,NA,NA,NA,NA,NA,NA,NA,NA,NA,NA,NA,NA
"163","WESTPAC","Westpac General Insurance Limited","30 Sep","Direct","","","Westpac General Insurance Limited","30 Sep","Direct","","","Westpac General Insurance Limited","30 Sep","Direct","","","Westpac General Insurance Limited","30 Sep","Direct","","","Westpac General Insurance Limited","30 Sep","Direct","","","Westpac General Insurance Limited","30 Sep","Direct","",""
"164","WESTPORT",NA,NA,NA,NA,NA,NA,NA,NA,NA,NA,NA,NA,NA,NA,NA,"Westport Insurance Corporation","31 Dec","Reinsurer","Branch","","Westport Insurance Corporation","31 Dec","Reinsurer","Branch","","Westport Insurance Corporation","31 Dec","Reinsurer","Branch",""
"165","WGI",NA,NA,NA,NA,NA,NA,NA,NA,NA,NA,NA,NA,NA,NA,NA,NA,NA,NA,NA,NA,"Wesfarmers General Insurance Limited","30 Jun","Direct","","","Wesfarmers General Insurance Limited","30 Jun","Direct","",""
"166","WPAC LMI","Westpac Lenders Mortgage Insurance Ltd","30 Sep","Direct","","LMI","Westpac Lenders Mortgage Insurance Ltd","30 Sep","Direct","","LMI","Westpac Lenders Mortgage Insurance Ltd","30 Sep","Direct","","LMI","Westpac Lenders Mortgage Insurance Ltd","30 Sep","Direct","","LMI","Westpac Lenders Mortgage Insurance Ltd","30 Sep","Direct","","LMI","Westpac Lenders Mortgage Insurance Ltd","30 Sep","Direct","","LMI"
"167","WRBERKLEY",NA,NA,NA,NA,NA,NA,NA,NA,NA,NA,NA,NA,NA,NA,NA,"W.R. Berkley Insurance (Europe), Limited","31 Dec","Direct","Branch","","W.R. Berkley Insurance (Europe), Limited","31 Dec","Direct","Branch","","W.R. Berkley Insurance (Europe), Limited","31 Dec","Direct","Branch",""
"168","XL INS","XL Insurance Company Limited","31 Dec","Direct","Branch","","XL Insurance Company Limited","31 Dec","Direct","Branch","","XL Insurance Company Limited","31 Dec","Direct","Branch","","XL Insurance Company Limited","31 Dec","Direct","Branch","","XL Insurance Company Limited","31 Dec","Direct","Branch","","XL Insurance Company Limited","31 Dec","Direct","Branch",""
"169","XL RE","XL Re Ltd","31 Dec","Reinsurer","Branch","Run-off","XL Re Ltd","31 Dec","Reinsurer","Branch","Run-off","XL Re Ltd","31 Dec","Reinsurer","Branch","Run-off","XL Re Ltd","31 Dec","Reinsurer","Branch","Run-off","XL Re Ltd","31 Dec","Reinsurer","Branch","Run-off","XL Re Ltd","31 Dec","Reinsurer","Branch","Run-off"
"170","YOUI",NA,NA,NA,NA,NA,NA,NA,NA,NA,NA,NA,NA,NA,NA,NA,"Youi Pty Ltd","30 Jun","Direct","","","Youi Pty Ltd","30 Jun","Direct","","","Youi Pty Ltd","30 Jun","Direct","",""
"171","ZURICH","Zurich Australian Insurance Limited","31 Dec","Direct","","","Zurich Australian Insurance Limited","31 Dec","Direct","","","Zurich Australian Insurance Limited","31 Dec","Direct","","","Zurich Australian Insurance Limited","31 Dec","Direct","","","Zurich Australian Insurance Limited","31 Dec","Direct","","","Zurich Australian Insurance Limited","31 Dec","Direct","",""
